state,race_ethnicity,births_teen,female_population_15_44,teen_fertility_rate,natality_quality_flag,original_category,race_definition,natality_race_comparable_to_nces,fips,natality_data_source,natality_source_period
Alabama,American Indian/Alaska Native,,,,suppressed_or_incomplete_5yr_window,American Indian or Alaska Native,"AI/AN, any ethnicity (Hispanic origin not separated)",False,01,CDC WONDER Natality 2016-2024 Expanded (age 15-19),2017-2021
Alabama,Asian,,,,suppressed_or_incomplete_5yr_window,Asian,"Asian, any ethnicity (Hispanic origin not separated)",False,01,CDC WONDER Natality 2016-2024 Expanded (age 15-19),2017-2021
Alabama,Black,7530.0,238249.0,31.605589110552405,reliable,Black or African American,"Black, any ethnicity (Hispanic origin not separated)",False,01,CDC WONDER Natality 2016-2024 Expanded (age 15-19),2017-2021
Alabama,Two or more races,564.0,21122.0,26.70201685446454,reliable,More than one race,"Two or more races, any ethnicity (Hispanic origin not separated)",False,01,CDC WONDER Natality 2016-2024 Expanded (age 15-19),2017-2021
Alabama,Pacific Islander,,,,suppressed_or_incomplete_5yr_window,Native Hawaiian or Other Pacific Islander,"NHOPI, any ethnicity (Hispanic origin not separated)",False,01,CDC WONDER Natality 2016-2024 Expanded (age 15-19),2017-2021
Alabama,White,11281.0,500028.0,22.56073659875047,reliable,White,"White, any ethnicity (Hispanic origin not separated)",False,01,CDC WONDER Natality 2016-2024 Expanded (age 15-19),2017-2021
Alaska,American Indian/Alaska Native,821.0,21967.0,37.374243182956256,reliable,American Indian or Alaska Native,"AI/AN, any ethnicity (Hispanic origin not separated)",False,02,CDC WONDER Natality 2016-2024 Expanded (age 15-19),2017-2021
Alaska,Asian,103.0,7970.0,12.923462986198244,reliable,Asian,"Asian, any ethnicity (Hispanic origin not separated)",False,02,CDC WONDER Natality 2016-2024 Expanded (age 15-19),2017-2021
Alaska,Black,,,,suppressed_or_incomplete_5yr_window,Black or African American,"Black, any ethnicity (Hispanic origin not separated)",False,02,CDC WONDER Natality 2016-2024 Expanded (age 15-19),2017-2021
Alaska,Two or more races,313.0,14095.0,22.206456190138347,reliable,More than one race,"Two or more races, any ethnicity (Hispanic origin not separated)",False,02,CDC WONDER Natality 2016-2024 Expanded (age 15-19),2017-2021
Alaska,Pacific Islander,,,,suppressed_or_incomplete_5yr_window,Native Hawaiian or Other Pacific Islander,"NHOPI, any ethnicity (Hispanic origin not separated)",False,02,CDC WONDER Natality 2016-2024 Expanded (age 15-19),2017-2021
Alaska,White,659.0,58143.0,11.334124486180622,reliable,White,"White, any ethnicity (Hispanic origin not separated)",False,02,CDC WONDER Natality 2016-2024 Expanded (age 15-19),2017-2021
Arizona,American Indian/Alaska Native,2018.0,76602.0,26.343959687736614,reliable,American Indian or Alaska Native,"AI/AN, any ethnicity (Hispanic origin not separated)",False,04,CDC WONDER Natality 2016-2024 Expanded (age 15-19),2017-2021
Arizona,Asian,143.0,40220.0,3.5554450522128294,reliable,Asian,"Asian, any ethnicity (Hispanic origin not separated)",False,04,CDC WONDER Natality 2016-2024 Expanded (age 15-19),2017-2021
Arizona,Black,1389.0,68604.0,20.246632849396537,reliable,Black or African American,"Black, any ethnicity (Hispanic origin not separated)",False,04,CDC WONDER Natality 2016-2024 Expanded (age 15-19),2017-2021
Arizona,Two or more races,815.0,55215.0,14.76048175314679,reliable,More than one race,"Two or more races, any ethnicity (Hispanic origin not separated)",False,04,CDC WONDER Natality 2016-2024 Expanded (age 15-19),2017-2021
Arizona,Pacific Islander,,,,suppressed_or_incomplete_5yr_window,Native Hawaiian or Other Pacific Islander,"NHOPI, any ethnicity (Hispanic origin not separated)",False,04,CDC WONDER Natality 2016-2024 Expanded (age 15-19),2017-2021
Arizona,White,17040.0,920218.0,18.5173513232734,reliable,White,"White, any ethnicity (Hispanic origin not separated)",False,04,CDC WONDER Natality 2016-2024 Expanded (age 15-19),2017-2021
Arkansas,American Indian/Alaska Native,108.0,5540.0,19.494584837545126,reliable,American Indian or Alaska Native,"AI/AN, any ethnicity (Hispanic origin not separated)",False,05,CDC WONDER Natality 2016-2024 Expanded (age 15-19),2017-2021
Arkansas,Asian,75.0,8061.0,9.304056568663936,reliable,Asian,"Asian, any ethnicity (Hispanic origin not separated)",False,05,CDC WONDER Natality 2016-2024 Expanded (age 15-19),2017-2021
Arkansas,Black,3880.0,89515.0,43.344690833938444,reliable,Black or African American,"Black, any ethnicity (Hispanic origin not separated)",False,05,CDC WONDER Natality 2016-2024 Expanded (age 15-19),2017-2021
Arkansas,Two or more races,456.0,16210.0,28.13078346699568,reliable,More than one race,"Two or more races, any ethnicity (Hispanic origin not separated)",False,05,CDC WONDER Natality 2016-2024 Expanded (age 15-19),2017-2021
Arkansas,Pacific Islander,230.0,2570.0,89.49416342412451,reliable,Native Hawaiian or Other Pacific Islander,"NHOPI, any ethnicity (Hispanic origin not separated)",False,05,CDC WONDER Natality 2016-2024 Expanded (age 15-19),2017-2021
Arkansas,White,9524.0,361884.0,26.317825601573986,reliable,White,"White, any ethnicity (Hispanic origin not separated)",False,05,CDC WONDER Natality 2016-2024 Expanded (age 15-19),2017-2021
California,American Indian/Alaska Native,721.0,124318.0,5.799642851397223,reliable,American Indian or Alaska Native,"AI/AN, any ethnicity (Hispanic origin not separated)",False,06,CDC WONDER Natality 2016-2024 Expanded (age 15-19),2017-2021
California,Asian,1836.0,821339.0,2.2353741877592563,reliable,Asian,"Asian, any ethnicity (Hispanic origin not separated)",False,06,CDC WONDER Natality 2016-2024 Expanded (age 15-19),2017-2021
California,Black,5885.0,406210.0,14.487580315600304,reliable,Black or African American,"Black, any ethnicity (Hispanic origin not separated)",False,06,CDC WONDER Natality 2016-2024 Expanded (age 15-19),2017-2021
California,Two or more races,3733.0,379380.0,9.839738520744373,reliable,More than one race,"Two or more races, any ethnicity (Hispanic origin not separated)",False,06,CDC WONDER Natality 2016-2024 Expanded (age 15-19),2017-2021
California,Pacific Islander,271.0,33318.0,8.133741521099706,reliable,Native Hawaiian or Other Pacific Islander,"NHOPI, any ethnicity (Hispanic origin not separated)",False,06,CDC WONDER Natality 2016-2024 Expanded (age 15-19),2017-2021
California,White,64845.0,4466538.0,14.517955517226092,reliable,White,"White, any ethnicity (Hispanic origin not separated)",False,06,CDC WONDER Natality 2016-2024 Expanded (age 15-19),2017-2021
Colorado,American Indian/Alaska Native,295.0,17520.0,16.837899543378995,reliable,American Indian or Alaska Native,"AI/AN, any ethnicity (Hispanic origin not separated)",False,08,CDC WONDER Natality 2016-2024 Expanded (age 15-19),2017-2021
Colorado,Asian,146.0,33279.0,4.387151056221642,reliable,Asian,"Asian, any ethnicity (Hispanic origin not separated)",False,08,CDC WONDER Natality 2016-2024 Expanded (age 15-19),2017-2021
Colorado,Black,894.0,43918.0,20.356118220319686,reliable,Black or African American,"Black, any ethnicity (Hispanic origin not separated)",False,08,CDC WONDER Natality 2016-2024 Expanded (age 15-19),2017-2021
Colorado,Two or more races,548.0,47039.0,11.649907523544293,reliable,More than one race,"Two or more races, any ethnicity (Hispanic origin not separated)",False,08,CDC WONDER Natality 2016-2024 Expanded (age 15-19),2017-2021
Colorado,Pacific Islander,78.0,2033.0,38.36694540088539,reliable,Native Hawaiian or Other Pacific Islander,"NHOPI, any ethnicity (Hispanic origin not separated)",False,08,CDC WONDER Natality 2016-2024 Expanded (age 15-19),2017-2021
Colorado,White,10104.0,741323.0,13.629686385017056,reliable,White,"White, any ethnicity (Hispanic origin not separated)",False,08,CDC WONDER Natality 2016-2024 Expanded (age 15-19),2017-2021
Connecticut,American Indian/Alaska Native,85.0,3846.0,22.100884035361414,reliable,American Indian or Alaska Native,"AI/AN, any ethnicity (Hispanic origin not separated)",False,09,CDC WONDER Natality 2016-2024 Expanded (age 15-19),2017-2021
Connecticut,Asian,,,,suppressed_or_incomplete_5yr_window,Asian,"Asian, any ethnicity (Hispanic origin not separated)",False,09,CDC WONDER Natality 2016-2024 Expanded (age 15-19),2017-2021
Connecticut,Black,1167.0,81781.0,14.269818172925252,reliable,Black or African American,"Black, any ethnicity (Hispanic origin not separated)",False,09,CDC WONDER Natality 2016-2024 Expanded (age 15-19),2017-2021
Connecticut,Two or more races,251.0,24970.0,10.052062474969963,reliable,More than one race,"Two or more races, any ethnicity (Hispanic origin not separated)",False,09,CDC WONDER Natality 2016-2024 Expanded (age 15-19),2017-2021
Connecticut,Pacific Islander,,,,suppressed_or_incomplete_5yr_window,Native Hawaiian or Other Pacific Islander,"NHOPI, any ethnicity (Hispanic origin not separated)",False,09,CDC WONDER Natality 2016-2024 Expanded (age 15-19),2017-2021
Connecticut,White,3113.0,447545.0,6.9557251226133685,reliable,White,"White, any ethnicity (Hispanic origin not separated)",False,09,CDC WONDER Natality 2016-2024 Expanded (age 15-19),2017-2021
Delaware,American Indian/Alaska Native,,,,suppressed_or_incomplete_5yr_window,American Indian or Alaska Native,"AI/AN, any ethnicity (Hispanic origin not separated)",False,10,CDC WONDER Natality 2016-2024 Expanded (age 15-19),2017-2021
Delaware,Asian,,,,suppressed_or_incomplete_5yr_window,Asian,"Asian, any ethnicity (Hispanic origin not separated)",False,10,CDC WONDER Natality 2016-2024 Expanded (age 15-19),2017-2021
Delaware,Black,976.0,42404.0,23.016696538062448,reliable,Black or African American,"Black, any ethnicity (Hispanic origin not separated)",False,10,CDC WONDER Natality 2016-2024 Expanded (age 15-19),2017-2021
Delaware,Two or more races,172.0,8102.0,21.229326092322882,reliable,More than one race,"Two or more races, any ethnicity (Hispanic origin not separated)",False,10,CDC WONDER Natality 2016-2024 Expanded (age 15-19),2017-2021
Delaware,Pacific Islander,,,,suppressed_or_incomplete_5yr_window,Native Hawaiian or Other Pacific Islander,"NHOPI, any ethnicity (Hispanic origin not separated)",False,10,CDC WONDER Natality 2016-2024 Expanded (age 15-19),2017-2021
Delaware,White,1181.0,93736.0,12.599214816079202,reliable,White,"White, any ethnicity (Hispanic origin not separated)",False,10,CDC WONDER Natality 2016-2024 Expanded (age 15-19),2017-2021
District of Columbia,American Indian/Alaska Native,,,,suppressed_or_incomplete_5yr_window,American Indian or Alaska Native,"AI/AN, any ethnicity (Hispanic origin not separated)",False,11,CDC WONDER Natality 2016-2024 Expanded (age 15-19),2017-2021
District of Columbia,Asian,,,,suppressed_or_incomplete_5yr_window,Asian,"Asian, any ethnicity (Hispanic origin not separated)",False,11,CDC WONDER Natality 2016-2024 Expanded (age 15-19),2017-2021
District of Columbia,Black,1346.0,49051.0,27.44082689445679,reliable,Black or African American,"Black, any ethnicity (Hispanic origin not separated)",False,11,CDC WONDER Natality 2016-2024 Expanded (age 15-19),2017-2021
District of Columbia,Two or more races,,,,suppressed_or_incomplete_5yr_window,More than one race,"Two or more races, any ethnicity (Hispanic origin not separated)",False,11,CDC WONDER Natality 2016-2024 Expanded (age 15-19),2017-2021
District of Columbia,Pacific Islander,,,,suppressed_or_incomplete_5yr_window,Native Hawaiian or Other Pacific Islander,"NHOPI, any ethnicity (Hispanic origin not separated)",False,11,CDC WONDER Natality 2016-2024 Expanded (age 15-19),2017-2021
District of Columbia,White,262.0,38637.0,6.781064782462407,reliable,White,"White, any ethnicity (Hispanic origin not separated)",False,11,CDC WONDER Natality 2016-2024 Expanded (age 15-19),2017-2021
Florida,American Indian/Alaska Native,148.0,17577.0,8.420094441599819,reliable,American Indian or Alaska Native,"AI/AN, any ethnicity (Hispanic origin not separated)",False,12,CDC WONDER Natality 2016-2024 Expanded (age 15-19),2017-2021
Florida,Asian,311.0,91037.0,3.4161934158638796,reliable,Asian,"Asian, any ethnicity (Hispanic origin not separated)",False,12,CDC WONDER Natality 2016-2024 Expanded (age 15-19),2017-2021
Florida,Black,15761.0,641863.0,24.5550841846313,reliable,Black or African American,"Black, any ethnicity (Hispanic origin not separated)",False,12,CDC WONDER Natality 2016-2024 Expanded (age 15-19),2017-2021
Florida,Two or more races,1351.0,115542.0,11.692717799588028,reliable,More than one race,"Two or more races, any ethnicity (Hispanic origin not separated)",False,12,CDC WONDER Natality 2016-2024 Expanded (age 15-19),2017-2021
Florida,Pacific Islander,,,,suppressed_or_incomplete_5yr_window,Native Hawaiian or Other Pacific Islander,"NHOPI, any ethnicity (Hispanic origin not separated)",False,12,CDC WONDER Natality 2016-2024 Expanded (age 15-19),2017-2021
Florida,White,29466.0,2083490.0,14.142616475241063,reliable,White,"White, any ethnicity (Hispanic origin not separated)",False,12,CDC WONDER Natality 2016-2024 Expanded (age 15-19),2017-2021
Georgia,American Indian/Alaska Native,,,,suppressed_or_incomplete_5yr_window,American Indian or Alaska Native,"AI/AN, any ethnicity (Hispanic origin not separated)",False,13,CDC WONDER Natality 2016-2024 Expanded (age 15-19),2017-2021
Georgia,Asian,284.0,74963.0,3.7885356776009496,reliable,Asian,"Asian, any ethnicity (Hispanic origin not separated)",False,13,CDC WONDER Natality 2016-2024 Expanded (age 15-19),2017-2021
Georgia,Black,15240.0,649900.0,23.449761501769505,reliable,Black or African American,"Black, any ethnicity (Hispanic origin not separated)",False,13,CDC WONDER Natality 2016-2024 Expanded (age 15-19),2017-2021
Georgia,Two or more races,1247.0,61101.0,20.40883127935713,reliable,More than one race,"Two or more races, any ethnicity (Hispanic origin not separated)",False,13,CDC WONDER Natality 2016-2024 Expanded (age 15-19),2017-2021
Georgia,Pacific Islander,,,,suppressed_or_incomplete_5yr_window,Native Hawaiian or Other Pacific Islander,"NHOPI, any ethnicity (Hispanic origin not separated)",False,13,CDC WONDER Natality 2016-2024 Expanded (age 15-19),2017-2021
Georgia,White,18062.0,1004462.0,17.981765362950515,reliable,White,"White, any ethnicity (Hispanic origin not separated)",False,13,CDC WONDER Natality 2016-2024 Expanded (age 15-19),2017-2021
Hawaii,American Indian/Alaska Native,,,,suppressed_or_incomplete_5yr_window,American Indian or Alaska Native,"AI/AN, any ethnicity (Hispanic origin not separated)",False,15,CDC WONDER Natality 2016-2024 Expanded (age 15-19),2017-2021
Hawaii,Asian,247.0,55051.0,4.486748651250659,reliable,Asian,"Asian, any ethnicity (Hispanic origin not separated)",False,15,CDC WONDER Natality 2016-2024 Expanded (age 15-19),2017-2021
Hawaii,Black,,,,suppressed_or_incomplete_5yr_window,Black or African American,"Black, any ethnicity (Hispanic origin not separated)",False,15,CDC WONDER Natality 2016-2024 Expanded (age 15-19),2017-2021
Hawaii,Two or more races,1649.0,71198.0,23.16076294277929,reliable,More than one race,"Two or more races, any ethnicity (Hispanic origin not separated)",False,15,CDC WONDER Natality 2016-2024 Expanded (age 15-19),2017-2021
Hawaii,Pacific Islander,572.0,24859.0,23.00977513174303,reliable,Native Hawaiian or Other Pacific Islander,"NHOPI, any ethnicity (Hispanic origin not separated)",False,15,CDC WONDER Natality 2016-2024 Expanded (age 15-19),2017-2021
Hawaii,White,378.0,30573.0,12.363850456284958,reliable,White,"White, any ethnicity (Hispanic origin not separated)",False,15,CDC WONDER Natality 2016-2024 Expanded (age 15-19),2017-2021
Idaho,American Indian/Alaska Native,169.0,5636.0,29.98580553584102,reliable,American Indian or Alaska Native,"AI/AN, any ethnicity (Hispanic origin not separated)",False,16,CDC WONDER Natality 2016-2024 Expanded (age 15-19),2017-2021
Idaho,Asian,,,,suppressed_or_incomplete_5yr_window,Asian,"Asian, any ethnicity (Hispanic origin not separated)",False,16,CDC WONDER Natality 2016-2024 Expanded (age 15-19),2017-2021
Idaho,Black,96.0,3622.0,26.50469353948095,reliable,Black or African American,"Black, any ethnicity (Hispanic origin not separated)",False,16,CDC WONDER Natality 2016-2024 Expanded (age 15-19),2017-2021
Idaho,Two or more races,176.0,11536.0,15.256588072122053,reliable,More than one race,"Two or more races, any ethnicity (Hispanic origin not separated)",False,16,CDC WONDER Natality 2016-2024 Expanded (age 15-19),2017-2021
Idaho,Pacific Islander,,,,suppressed_or_incomplete_5yr_window,Native Hawaiian or Other Pacific Islander,"NHOPI, any ethnicity (Hispanic origin not separated)",False,16,CDC WONDER Natality 2016-2024 Expanded (age 15-19),2017-2021
Idaho,White,4201.0,282290.0,14.881859081086825,reliable,White,"White, any ethnicity (Hispanic origin not separated)",False,16,CDC WONDER Natality 2016-2024 Expanded (age 15-19),2017-2021
Illinois,American Indian/Alaska Native,,,,suppressed_or_incomplete_5yr_window,American Indian or Alaska Native,"AI/AN, any ethnicity (Hispanic origin not separated)",False,17,CDC WONDER Natality 2016-2024 Expanded (age 15-19),2017-2021
Illinois,Asian,196.0,108881.0,1.8001304176118882,reliable,Asian,"Asian, any ethnicity (Hispanic origin not separated)",False,17,CDC WONDER Natality 2016-2024 Expanded (age 15-19),2017-2021
Illinois,Black,9546.0,327425.0,29.154768267542185,reliable,Black or African American,"Black, any ethnicity (Hispanic origin not separated)",False,17,CDC WONDER Natality 2016-2024 Expanded (age 15-19),2017-2021
Illinois,Two or more races,1028.0,71213.0,14.435566539817168,reliable,More than one race,"Two or more races, any ethnicity (Hispanic origin not separated)",False,17,CDC WONDER Natality 2016-2024 Expanded (age 15-19),2017-2021
Illinois,Pacific Islander,,,,suppressed_or_incomplete_5yr_window,Native Hawaiian or Other Pacific Islander,"NHOPI, any ethnicity (Hispanic origin not separated)",False,17,CDC WONDER Natality 2016-2024 Expanded (age 15-19),2017-2021
Illinois,White,18453.0,1493887.0,12.352339902549524,reliable,White,"White, any ethnicity (Hispanic origin not separated)",False,17,CDC WONDER Natality 2016-2024 Expanded (age 15-19),2017-2021
Indiana,American Indian/Alaska Native,,,,suppressed_or_incomplete_5yr_window,American Indian or Alaska Native,"AI/AN, any ethnicity (Hispanic origin not separated)",False,18,CDC WONDER Natality 2016-2024 Expanded (age 15-19),2017-2021
Indiana,Asian,209.0,32384.0,6.453804347826087,reliable,Asian,"Asian, any ethnicity (Hispanic origin not separated)",False,18,CDC WONDER Natality 2016-2024 Expanded (age 15-19),2017-2021
Indiana,Black,4345.0,126315.0,34.39813165498951,reliable,Black or African American,"Black, any ethnicity (Hispanic origin not separated)",False,18,CDC WONDER Natality 2016-2024 Expanded (age 15-19),2017-2021
Indiana,Two or more races,943.0,43110.0,21.87427511018325,reliable,More than one race,"Two or more races, any ethnicity (Hispanic origin not separated)",False,18,CDC WONDER Natality 2016-2024 Expanded (age 15-19),2017-2021
Indiana,Pacific Islander,,,,suppressed_or_incomplete_5yr_window,Native Hawaiian or Other Pacific Islander,"NHOPI, any ethnicity (Hispanic origin not separated)",False,18,CDC WONDER Natality 2016-2024 Expanded (age 15-19),2017-2021
Indiana,White,16991.0,907277.0,18.72746691473497,reliable,White,"White, any ethnicity (Hispanic origin not separated)",False,18,CDC WONDER Natality 2016-2024 Expanded (age 15-19),2017-2021
Iowa,American Indian/Alaska Native,113.0,3828.0,29.519331243469175,reliable,American Indian or Alaska Native,"AI/AN, any ethnicity (Hispanic origin not separated)",False,19,CDC WONDER Natality 2016-2024 Expanded (age 15-19),2017-2021
Iowa,Asian,99.0,16773.0,5.902343051332499,reliable,Asian,"Asian, any ethnicity (Hispanic origin not separated)",False,19,CDC WONDER Natality 2016-2024 Expanded (age 15-19),2017-2021
Iowa,Black,1027.0,26324.0,39.013827685762045,reliable,Black or African American,"Black, any ethnicity (Hispanic origin not separated)",False,19,CDC WONDER Natality 2016-2024 Expanded (age 15-19),2017-2021
Iowa,Two or more races,410.0,19221.0,21.330836064720877,reliable,More than one race,"Two or more races, any ethnicity (Hispanic origin not separated)",False,19,CDC WONDER Natality 2016-2024 Expanded (age 15-19),2017-2021
Iowa,Pacific Islander,,,,suppressed_or_incomplete_5yr_window,Native Hawaiian or Other Pacific Islander,"NHOPI, any ethnicity (Hispanic origin not separated)",False,19,CDC WONDER Natality 2016-2024 Expanded (age 15-19),2017-2021
Iowa,White,5750.0,456541.0,12.59470671856416,reliable,White,"White, any ethnicity (Hispanic origin not separated)",False,19,CDC WONDER Natality 2016-2024 Expanded (age 15-19),2017-2021
Kansas,American Indian/Alaska Native,91.0,7288.0,12.486278814489571,reliable,American Indian or Alaska Native,"AI/AN, any ethnicity (Hispanic origin not separated)",False,20,CDC WONDER Natality 2016-2024 Expanded (age 15-19),2017-2021
Kansas,Asian,,,,suppressed_or_incomplete_5yr_window,Asian,"Asian, any ethnicity (Hispanic origin not separated)",False,20,CDC WONDER Natality 2016-2024 Expanded (age 15-19),2017-2021
Kansas,Black,1144.0,32505.0,35.19458544839255,reliable,Black or African American,"Black, any ethnicity (Hispanic origin not separated)",False,20,CDC WONDER Natality 2016-2024 Expanded (age 15-19),2017-2021
Kansas,Two or more races,528.0,26643.0,19.817588109447136,reliable,More than one race,"Two or more races, any ethnicity (Hispanic origin not separated)",False,20,CDC WONDER Natality 2016-2024 Expanded (age 15-19),2017-2021
Kansas,Pacific Islander,,,,suppressed_or_incomplete_5yr_window,Native Hawaiian or Other Pacific Islander,"NHOPI, any ethnicity (Hispanic origin not separated)",False,20,CDC WONDER Natality 2016-2024 Expanded (age 15-19),2017-2021
Kansas,White,7325.0,402720.0,18.188816050854193,reliable,White,"White, any ethnicity (Hispanic origin not separated)",False,20,CDC WONDER Natality 2016-2024 Expanded (age 15-19),2017-2021
Kentucky,American Indian/Alaska Native,,,,suppressed_or_incomplete_5yr_window,American Indian or Alaska Native,"AI/AN, any ethnicity (Hispanic origin not separated)",False,21,CDC WONDER Natality 2016-2024 Expanded (age 15-19),2017-2021
Kentucky,Asian,,,,suppressed_or_incomplete_5yr_window,Asian,"Asian, any ethnicity (Hispanic origin not separated)",False,21,CDC WONDER Natality 2016-2024 Expanded (age 15-19),2017-2021
Kentucky,Black,2103.0,71869.0,29.261573140018644,reliable,Black or African American,"Black, any ethnicity (Hispanic origin not separated)",False,21,CDC WONDER Natality 2016-2024 Expanded (age 15-19),2017-2021
Kentucky,Two or more races,633.0,25780.0,24.55391776570985,reliable,More than one race,"Two or more races, any ethnicity (Hispanic origin not separated)",False,21,CDC WONDER Natality 2016-2024 Expanded (age 15-19),2017-2021
Kentucky,Pacific Islander,,,,suppressed_or_incomplete_5yr_window,Native Hawaiian or Other Pacific Islander,"NHOPI, any ethnicity (Hispanic origin not separated)",False,21,CDC WONDER Natality 2016-2024 Expanded (age 15-19),2017-2021
Kentucky,White,14964.0,587468.0,25.472025710336563,reliable,White,"White, any ethnicity (Hispanic origin not separated)",False,21,CDC WONDER Natality 2016-2024 Expanded (age 15-19),2017-2021
Louisiana,American Indian/Alaska Native,166.0,6227.0,26.658101814678016,reliable,American Indian or Alaska Native,"AI/AN, any ethnicity (Hispanic origin not separated)",False,22,CDC WONDER Natality 2016-2024 Expanded (age 15-19),2017-2021
Louisiana,Asian,72.0,12483.0,5.767844268204758,reliable,Asian,"Asian, any ethnicity (Hispanic origin not separated)",False,22,CDC WONDER Natality 2016-2024 Expanded (age 15-19),2017-2021
Louisiana,Black,10225.0,280009.0,36.516683392319536,reliable,Black or African American,"Black, any ethnicity (Hispanic origin not separated)",False,22,CDC WONDER Natality 2016-2024 Expanded (age 15-19),2017-2021
Louisiana,Two or more races,513.0,19322.0,26.550046579029086,reliable,More than one race,"Two or more races, any ethnicity (Hispanic origin not separated)",False,22,CDC WONDER Natality 2016-2024 Expanded (age 15-19),2017-2021
Louisiana,Pacific Islander,,,,suppressed_or_incomplete_5yr_window,Native Hawaiian or Other Pacific Islander,"NHOPI, any ethnicity (Hispanic origin not separated)",False,22,CDC WONDER Natality 2016-2024 Expanded (age 15-19),2017-2021
Louisiana,White,8490.0,406031.0,20.90973349325544,reliable,White,"White, any ethnicity (Hispanic origin not separated)",False,22,CDC WONDER Natality 2016-2024 Expanded (age 15-19),2017-2021
Maine,American Indian/Alaska Native,,,,suppressed_or_incomplete_5yr_window,American Indian or Alaska Native,"AI/AN, any ethnicity (Hispanic origin not separated)",False,23,CDC WONDER Natality 2016-2024 Expanded (age 15-19),2017-2021
Maine,Asian,,,,suppressed_or_incomplete_5yr_window,Asian,"Asian, any ethnicity (Hispanic origin not separated)",False,23,CDC WONDER Natality 2016-2024 Expanded (age 15-19),2017-2021
Maine,Black,,,,suppressed_or_incomplete_5yr_window,Black or African American,"Black, any ethnicity (Hispanic origin not separated)",False,23,CDC WONDER Natality 2016-2024 Expanded (age 15-19),2017-2021
Maine,Two or more races,97.0,6166.0,15.731430424910801,reliable,More than one race,"Two or more races, any ethnicity (Hispanic origin not separated)",False,23,CDC WONDER Natality 2016-2024 Expanded (age 15-19),2017-2021
Maine,Pacific Islander,,,,suppressed_or_incomplete_5yr_window,Native Hawaiian or Other Pacific Islander,"NHOPI, any ethnicity (Hispanic origin not separated)",False,23,CDC WONDER Natality 2016-2024 Expanded (age 15-19),2017-2021
Maine,White,1761.0,171518.0,10.2671439732273,reliable,White,"White, any ethnicity (Hispanic origin not separated)",False,23,CDC WONDER Natality 2016-2024 Expanded (age 15-19),2017-2021
Maryland,American Indian/Alaska Native,,,,suppressed_or_incomplete_5yr_window,American Indian or Alaska Native,"AI/AN, any ethnicity (Hispanic origin not separated)",False,24,CDC WONDER Natality 2016-2024 Expanded (age 15-19),2017-2021
Maryland,Asian,179.0,60800.0,2.944078947368421,reliable,Asian,"Asian, any ethnicity (Hispanic origin not separated)",False,24,CDC WONDER Natality 2016-2024 Expanded (age 15-19),2017-2021
Maryland,Black,5515.0,309544.0,17.816530121727446,reliable,Black or African American,"Black, any ethnicity (Hispanic origin not separated)",False,24,CDC WONDER Natality 2016-2024 Expanded (age 15-19),2017-2021
Maryland,Two or more races,643.0,48413.0,13.28155660669655,reliable,More than one race,"Two or more races, any ethnicity (Hispanic origin not separated)",False,24,CDC WONDER Natality 2016-2024 Expanded (age 15-19),2017-2021
Maryland,Pacific Islander,,,,suppressed_or_incomplete_5yr_window,Native Hawaiian or Other Pacific Islander,"NHOPI, any ethnicity (Hispanic origin not separated)",False,24,CDC WONDER Natality 2016-2024 Expanded (age 15-19),2017-2021
Maryland,White,6014.0,515505.0,11.666230201452944,reliable,White,"White, any ethnicity (Hispanic origin not separated)",False,24,CDC WONDER Natality 2016-2024 Expanded (age 15-19),2017-2021
Massachusetts,American Indian/Alaska Native,,,,suppressed_or_incomplete_5yr_window,American Indian or Alaska Native,"AI/AN, any ethnicity (Hispanic origin not separated)",False,25,CDC WONDER Natality 2016-2024 Expanded (age 15-19),2017-2021
Massachusetts,Asian,143.0,90181.0,1.5856998702609195,reliable,Asian,"Asian, any ethnicity (Hispanic origin not separated)",False,25,CDC WONDER Natality 2016-2024 Expanded (age 15-19),2017-2021
Massachusetts,Black,1689.0,115290.0,14.650013010668749,reliable,Black or African American,"Black, any ethnicity (Hispanic origin not separated)",False,25,CDC WONDER Natality 2016-2024 Expanded (age 15-19),2017-2021
Massachusetts,Two or more races,333.0,47658.0,6.9872844013596875,reliable,More than one race,"Two or more races, any ethnicity (Hispanic origin not separated)",False,25,CDC WONDER Natality 2016-2024 Expanded (age 15-19),2017-2021
Massachusetts,Pacific Islander,,,,suppressed_or_incomplete_5yr_window,Native Hawaiian or Other Pacific Islander,"NHOPI, any ethnicity (Hispanic origin not separated)",False,25,CDC WONDER Natality 2016-2024 Expanded (age 15-19),2017-2021
Massachusetts,White,5477.0,867105.0,6.316420733359859,reliable,White,"White, any ethnicity (Hispanic origin not separated)",False,25,CDC WONDER Natality 2016-2024 Expanded (age 15-19),2017-2021
Michigan,American Indian/Alaska Native,168.0,13591.0,12.361121330292105,reliable,American Indian or Alaska Native,"AI/AN, any ethnicity (Hispanic origin not separated)",False,26,CDC WONDER Natality 2016-2024 Expanded (age 15-19),2017-2021
Michigan,Asian,145.0,61596.0,2.3540489642184554,reliable,Asian,"Asian, any ethnicity (Hispanic origin not separated)",False,26,CDC WONDER Natality 2016-2024 Expanded (age 15-19),2017-2021
Michigan,Black,8153.0,246719.0,33.04569165731054,reliable,Black or African American,"Black, any ethnicity (Hispanic origin not separated)",False,26,CDC WONDER Natality 2016-2024 Expanded (age 15-19),2017-2021
Michigan,Two or more races,1273.0,72004.0,17.67957335703572,reliable,More than one race,"Two or more races, any ethnicity (Hispanic origin not separated)",False,26,CDC WONDER Natality 2016-2024 Expanded (age 15-19),2017-2021
Michigan,Pacific Islander,,,,suppressed_or_incomplete_5yr_window,Native Hawaiian or Other Pacific Islander,"NHOPI, any ethnicity (Hispanic origin not separated)",False,26,CDC WONDER Natality 2016-2024 Expanded (age 15-19),2017-2021
Michigan,White,13411.0,1190986.0,11.26041783866477,reliable,White,"White, any ethnicity (Hispanic origin not separated)",False,26,CDC WONDER Natality 2016-2024 Expanded (age 15-19),2017-2021
Minnesota,American Indian/Alaska Native,598.0,15571.0,38.40472673559823,reliable,American Indian or Alaska Native,"AI/AN, any ethnicity (Hispanic origin not separated)",False,27,CDC WONDER Natality 2016-2024 Expanded (age 15-19),2017-2021
Minnesota,Asian,536.0,54755.0,9.789060359784495,reliable,Asian,"Asian, any ethnicity (Hispanic origin not separated)",False,27,CDC WONDER Natality 2016-2024 Expanded (age 15-19),2017-2021
Minnesota,Black,1638.0,79080.0,20.71320182094082,reliable,Black or African American,"Black, any ethnicity (Hispanic origin not separated)",False,27,CDC WONDER Natality 2016-2024 Expanded (age 15-19),2017-2021
Minnesota,Two or more races,776.0,44148.0,17.57724019208118,reliable,More than one race,"Two or more races, any ethnicity (Hispanic origin not separated)",False,27,CDC WONDER Natality 2016-2024 Expanded (age 15-19),2017-2021
Minnesota,Pacific Islander,,,,suppressed_or_incomplete_5yr_window,Native Hawaiian or Other Pacific Islander,"NHOPI, any ethnicity (Hispanic origin not separated)",False,27,CDC WONDER Natality 2016-2024 Expanded (age 15-19),2017-2021
Minnesota,White,5299.0,693986.0,7.635600718170107,reliable,White,"White, any ethnicity (Hispanic origin not separated)",False,27,CDC WONDER Natality 2016-2024 Expanded (age 15-19),2017-2021
Mississippi,American Indian/Alaska Native,160.0,3733.0,42.86096972944013,reliable,American Indian or Alaska Native,"AI/AN, any ethnicity (Hispanic origin not separated)",False,28,CDC WONDER Natality 2016-2024 Expanded (age 15-19),2017-2021
Mississippi,Asian,,,,suppressed_or_incomplete_5yr_window,Asian,"Asian, any ethnicity (Hispanic origin not separated)",False,28,CDC WONDER Natality 2016-2024 Expanded (age 15-19),2017-2021
Mississippi,Black,7549.0,216604.0,34.85161862200144,reliable,Black or African American,"Black, any ethnicity (Hispanic origin not separated)",False,28,CDC WONDER Natality 2016-2024 Expanded (age 15-19),2017-2021
Mississippi,Two or more races,169.0,10688.0,15.812125748502995,reliable,More than one race,"Two or more races, any ethnicity (Hispanic origin not separated)",False,28,CDC WONDER Natality 2016-2024 Expanded (age 15-19),2017-2021
Mississippi,Pacific Islander,,,,suppressed_or_incomplete_5yr_window,Native Hawaiian or Other Pacific Islander,"NHOPI, any ethnicity (Hispanic origin not separated)",False,28,CDC WONDER Natality 2016-2024 Expanded (age 15-19),2017-2021
Mississippi,White,6160.0,260875.0,23.612841399137515,reliable,White,"White, any ethnicity (Hispanic origin not separated)",False,28,CDC WONDER Natality 2016-2024 Expanded (age 15-19),2017-2021
Missouri,American Indian/Alaska Native,93.0,5651.0,16.45726420102637,reliable,American Indian or Alaska Native,"AI/AN, any ethnicity (Hispanic origin not separated)",False,29,CDC WONDER Natality 2016-2024 Expanded (age 15-19),2017-2021
Missouri,Asian,83.0,23384.0,3.549435511460828,reliable,Asian,"Asian, any ethnicity (Hispanic origin not separated)",False,29,CDC WONDER Natality 2016-2024 Expanded (age 15-19),2017-2021
Missouri,Black,4173.0,129590.0,32.20155876225017,reliable,Black or African American,"Black, any ethnicity (Hispanic origin not separated)",False,29,CDC WONDER Natality 2016-2024 Expanded (age 15-19),2017-2021
Missouri,Two or more races,1164.0,38215.0,30.459243752453226,reliable,More than one race,"Two or more races, any ethnicity (Hispanic origin not separated)",False,29,CDC WONDER Natality 2016-2024 Expanded (age 15-19),2017-2021
Missouri,Pacific Islander,,,,suppressed_or_incomplete_5yr_window,Native Hawaiian or Other Pacific Islander,"NHOPI, any ethnicity (Hispanic origin not separated)",False,29,CDC WONDER Natality 2016-2024 Expanded (age 15-19),2017-2021
Missouri,White,13552.0,756103.0,17.923483969776605,reliable,White,"White, any ethnicity (Hispanic origin not separated)",False,29,CDC WONDER Natality 2016-2024 Expanded (age 15-19),2017-2021
Montana,American Indian/Alaska Native,758.0,15151.0,50.02970100983434,reliable,American Indian or Alaska Native,"AI/AN, any ethnicity (Hispanic origin not separated)",False,30,CDC WONDER Natality 2016-2024 Expanded (age 15-19),2017-2021
Montana,Asian,,,,suppressed_or_incomplete_5yr_window,Asian,"Asian, any ethnicity (Hispanic origin not separated)",False,30,CDC WONDER Natality 2016-2024 Expanded (age 15-19),2017-2021
Montana,Black,,,,suppressed_or_incomplete_5yr_window,Black or African American,"Black, any ethnicity (Hispanic origin not separated)",False,30,CDC WONDER Natality 2016-2024 Expanded (age 15-19),2017-2021
Montana,Two or more races,176.0,7501.0,23.463538194907347,reliable,More than one race,"Two or more races, any ethnicity (Hispanic origin not separated)",False,30,CDC WONDER Natality 2016-2024 Expanded (age 15-19),2017-2021
Montana,Pacific Islander,,,,suppressed_or_incomplete_5yr_window,Native Hawaiian or Other Pacific Islander,"NHOPI, any ethnicity (Hispanic origin not separated)",False,30,CDC WONDER Natality 2016-2024 Expanded (age 15-19),2017-2021
Montana,White,1575.0,130071.0,12.108771363332334,reliable,White,"White, any ethnicity (Hispanic origin not separated)",False,30,CDC WONDER Natality 2016-2024 Expanded (age 15-19),2017-2021
Nebraska,American Indian/Alaska Native,250.0,6234.0,40.10266281681104,reliable,American Indian or Alaska Native,"AI/AN, any ethnicity (Hispanic origin not separated)",False,31,CDC WONDER Natality 2016-2024 Expanded (age 15-19),2017-2021
Nebraska,Asian,97.0,9888.0,9.809870550161811,reliable,Asian,"Asian, any ethnicity (Hispanic origin not separated)",False,31,CDC WONDER Natality 2016-2024 Expanded (age 15-19),2017-2021
Nebraska,Black,633.0,18967.0,33.37375441556387,reliable,Black or African American,"Black, any ethnicity (Hispanic origin not separated)",False,31,CDC WONDER Natality 2016-2024 Expanded (age 15-19),2017-2021
Nebraska,Two or more races,352.0,13102.0,26.866127308807815,reliable,More than one race,"Two or more races, any ethnicity (Hispanic origin not separated)",False,31,CDC WONDER Natality 2016-2024 Expanded (age 15-19),2017-2021
Nebraska,Pacific Islander,,,,suppressed_or_incomplete_5yr_window,Native Hawaiian or Other Pacific Islander,"NHOPI, any ethnicity (Hispanic origin not separated)",False,31,CDC WONDER Natality 2016-2024 Expanded (age 15-19),2017-2021
Nebraska,White,3802.0,277223.0,13.714590780707228,reliable,White,"White, any ethnicity (Hispanic origin not separated)",False,31,CDC WONDER Natality 2016-2024 Expanded (age 15-19),2017-2021
Nevada,American Indian/Alaska Native,138.0,8862.0,15.572105619498984,reliable,American Indian or Alaska Native,"AI/AN, any ethnicity (Hispanic origin not separated)",False,32,CDC WONDER Natality 2016-2024 Expanded (age 15-19),2017-2021
Nevada,Asian,154.0,32265.0,4.772973810630714,reliable,Asian,"Asian, any ethnicity (Hispanic origin not separated)",False,32,CDC WONDER Natality 2016-2024 Expanded (age 15-19),2017-2021
Nevada,Black,1575.0,50320.0,31.29968203497615,reliable,Black or African American,"Black, any ethnicity (Hispanic origin not separated)",False,32,CDC WONDER Natality 2016-2024 Expanded (age 15-19),2017-2021
Nevada,Two or more races,608.0,32458.0,18.731899685747734,reliable,More than one race,"Two or more races, any ethnicity (Hispanic origin not separated)",False,32,CDC WONDER Natality 2016-2024 Expanded (age 15-19),2017-2021
Nevada,Pacific Islander,79.0,4293.0,18.40204984859073,reliable,Native Hawaiian or Other Pacific Islander,"NHOPI, any ethnicity (Hispanic origin not separated)",False,32,CDC WONDER Natality 2016-2024 Expanded (age 15-19),2017-2021
Nevada,White,5710.0,316494.0,18.041416266975045,reliable,White,"White, any ethnicity (Hispanic origin not separated)",False,32,CDC WONDER Natality 2016-2024 Expanded (age 15-19),2017-2021
New Hampshire,American Indian/Alaska Native,,,,suppressed_or_incomplete_5yr_window,American Indian or Alaska Native,"AI/AN, any ethnicity (Hispanic origin not separated)",False,33,CDC WONDER Natality 2016-2024 Expanded (age 15-19),2017-2021
New Hampshire,Asian,,,,suppressed_or_incomplete_5yr_window,Asian,"Asian, any ethnicity (Hispanic origin not separated)",False,33,CDC WONDER Natality 2016-2024 Expanded (age 15-19),2017-2021
New Hampshire,Black,63.0,5022.0,12.544802867383513,reliable,Black or African American,"Black, any ethnicity (Hispanic origin not separated)",False,33,CDC WONDER Natality 2016-2024 Expanded (age 15-19),2017-2021
New Hampshire,Two or more races,,,,suppressed_or_incomplete_5yr_window,More than one race,"Two or more races, any ethnicity (Hispanic origin not separated)",False,33,CDC WONDER Natality 2016-2024 Expanded (age 15-19),2017-2021
New Hampshire,Pacific Islander,,,,suppressed_or_incomplete_5yr_window,Native Hawaiian or Other Pacific Islander,"NHOPI, any ethnicity (Hispanic origin not separated)",False,33,CDC WONDER Natality 2016-2024 Expanded (age 15-19),2017-2021
New Hampshire,White,1326.0,188718.0,7.02635678631609,reliable,White,"White, any ethnicity (Hispanic origin not separated)",False,33,CDC WONDER Natality 2016-2024 Expanded (age 15-19),2017-2021
New Jersey,American Indian/Alaska Native,,,,suppressed_or_incomplete_5yr_window,American Indian or Alaska Native,"AI/AN, any ethnicity (Hispanic origin not separated)",False,34,CDC WONDER Natality 2016-2024 Expanded (age 15-19),2017-2021
New Jersey,Asian,241.0,129578.0,1.8598836222198214,reliable,Asian,"Asian, any ethnicity (Hispanic origin not separated)",False,34,CDC WONDER Natality 2016-2024 Expanded (age 15-19),2017-2021
New Jersey,Black,4310.0,227221.0,18.968317188992216,reliable,Black or African American,"Black, any ethnicity (Hispanic origin not separated)",False,34,CDC WONDER Natality 2016-2024 Expanded (age 15-19),2017-2021
New Jersey,Two or more races,385.0,49552.0,7.769615757184372,reliable,More than one race,"Two or more races, any ethnicity (Hispanic origin not separated)",False,34,CDC WONDER Natality 2016-2024 Expanded (age 15-19),2017-2021
New Jersey,Pacific Islander,,,,suppressed_or_incomplete_5yr_window,Native Hawaiian or Other Pacific Islander,"NHOPI, any ethnicity (Hispanic origin not separated)",False,34,CDC WONDER Natality 2016-2024 Expanded (age 15-19),2017-2021
New Jersey,White,7997.0,949574.0,8.421671191502716,reliable,White,"White, any ethnicity (Hispanic origin not separated)",False,34,CDC WONDER Natality 2016-2024 Expanded (age 15-19),2017-2021
New Mexico,American Indian/Alaska Native,1125.0,44166.0,25.472082597473168,reliable,American Indian or Alaska Native,"AI/AN, any ethnicity (Hispanic origin not separated)",False,35,CDC WONDER Natality 2016-2024 Expanded (age 15-19),2017-2021
New Mexico,Asian,,,,suppressed_or_incomplete_5yr_window,Asian,"Asian, any ethnicity (Hispanic origin not separated)",False,35,CDC WONDER Natality 2016-2024 Expanded (age 15-19),2017-2021
New Mexico,Black,218.0,9785.0,22.27899846704139,reliable,Black or African American,"Black, any ethnicity (Hispanic origin not separated)",False,35,CDC WONDER Natality 2016-2024 Expanded (age 15-19),2017-2021
New Mexico,Two or more races,203.0,13214.0,15.362494324201604,reliable,More than one race,"Two or more races, any ethnicity (Hispanic origin not separated)",False,35,CDC WONDER Natality 2016-2024 Expanded (age 15-19),2017-2021
New Mexico,Pacific Islander,,,,suppressed_or_incomplete_5yr_window,Native Hawaiian or Other Pacific Islander,"NHOPI, any ethnicity (Hispanic origin not separated)",False,35,CDC WONDER Natality 2016-2024 Expanded (age 15-19),2017-2021
New Mexico,White,6511.0,267540.0,24.336547805935563,reliable,White,"White, any ethnicity (Hispanic origin not separated)",False,35,CDC WONDER Natality 2016-2024 Expanded (age 15-19),2017-2021
New York,American Indian/Alaska Native,219.0,35494.0,6.170056911027215,reliable,American Indian or Alaska Native,"AI/AN, any ethnicity (Hispanic origin not separated)",False,36,CDC WONDER Natality 2016-2024 Expanded (age 15-19),2017-2021
New York,Asian,873.0,243214.0,3.5894315294349832,reliable,Asian,"Asian, any ethnicity (Hispanic origin not separated)",False,36,CDC WONDER Natality 2016-2024 Expanded (age 15-19),2017-2021
New York,Black,9677.0,558794.0,17.317651943292162,reliable,Black or African American,"Black, any ethnicity (Hispanic origin not separated)",False,36,CDC WONDER Natality 2016-2024 Expanded (age 15-19),2017-2021
New York,Two or more races,1461.0,115759.0,12.621048903325011,reliable,More than one race,"Two or more races, any ethnicity (Hispanic origin not separated)",False,36,CDC WONDER Natality 2016-2024 Expanded (age 15-19),2017-2021
New York,Pacific Islander,,,,suppressed_or_incomplete_5yr_window,Native Hawaiian or Other Pacific Islander,"NHOPI, any ethnicity (Hispanic origin not separated)",False,36,CDC WONDER Natality 2016-2024 Expanded (age 15-19),2017-2021
New York,White,19713.0,1964251.0,10.035886452393305,reliable,White,"White, any ethnicity (Hispanic origin not separated)",False,36,CDC WONDER Natality 2016-2024 Expanded (age 15-19),2017-2021
North Carolina,American Indian/Alaska Native,822.0,30811.0,26.67878355132907,reliable,American Indian or Alaska Native,"AI/AN, any ethnicity (Hispanic origin not separated)",False,37,CDC WONDER Natality 2016-2024 Expanded (age 15-19),2017-2021
North Carolina,Asian,367.0,54528.0,6.730487089201878,reliable,Asian,"Asian, any ethnicity (Hispanic origin not separated)",False,37,CDC WONDER Natality 2016-2024 Expanded (age 15-19),2017-2021
North Carolina,Black,11281.0,421609.0,26.75701894409275,reliable,Black or African American,"Black, any ethnicity (Hispanic origin not separated)",False,37,CDC WONDER Natality 2016-2024 Expanded (age 15-19),2017-2021
North Carolina,Two or more races,1611.0,68426.0,23.543682226054425,reliable,More than one race,"Two or more races, any ethnicity (Hispanic origin not separated)",False,37,CDC WONDER Natality 2016-2024 Expanded (age 15-19),2017-2021
North Carolina,Pacific Islander,166.0,2573.0,64.51612903225806,reliable,Native Hawaiian or Other Pacific Islander,"NHOPI, any ethnicity (Hispanic origin not separated)",False,37,CDC WONDER Natality 2016-2024 Expanded (age 15-19),2017-2021
North Carolina,White,16384.0,1108794.0,14.776414735288972,reliable,White,"White, any ethnicity (Hispanic origin not separated)",False,37,CDC WONDER Natality 2016-2024 Expanded (age 15-19),2017-2021
North Dakota,American Indian/Alaska Native,477.0,9066.0,52.61416280608868,reliable,American Indian or Alaska Native,"AI/AN, any ethnicity (Hispanic origin not separated)",False,38,CDC WONDER Natality 2016-2024 Expanded (age 15-19),2017-2021
North Dakota,Asian,,,,suppressed_or_incomplete_5yr_window,Asian,"Asian, any ethnicity (Hispanic origin not separated)",False,38,CDC WONDER Natality 2016-2024 Expanded (age 15-19),2017-2021
North Dakota,Black,85.0,3843.0,22.118136872235233,reliable,Black or African American,"Black, any ethnicity (Hispanic origin not separated)",False,38,CDC WONDER Natality 2016-2024 Expanded (age 15-19),2017-2021
North Dakota,Two or more races,141.0,4396.0,32.07461328480437,reliable,More than one race,"Two or more races, any ethnicity (Hispanic origin not separated)",False,38,CDC WONDER Natality 2016-2024 Expanded (age 15-19),2017-2021
North Dakota,Pacific Islander,,,,suppressed_or_incomplete_5yr_window,Native Hawaiian or Other Pacific Islander,"NHOPI, any ethnicity (Hispanic origin not separated)",False,38,CDC WONDER Natality 2016-2024 Expanded (age 15-19),2017-2021
North Dakota,White,994.0,96826.0,10.265837688224238,reliable,White,"White, any ethnicity (Hispanic origin not separated)",False,38,CDC WONDER Natality 2016-2024 Expanded (age 15-19),2017-2021
Ohio,American Indian/Alaska Native,,,,suppressed_or_incomplete_5yr_window,American Indian or Alaska Native,"AI/AN, any ethnicity (Hispanic origin not separated)",False,39,CDC WONDER Natality 2016-2024 Expanded (age 15-19),2017-2021
Ohio,Asian,214.0,50207.0,4.262353855040134,reliable,Asian,"Asian, any ethnicity (Hispanic origin not separated)",False,39,CDC WONDER Natality 2016-2024 Expanded (age 15-19),2017-2021
Ohio,Black,9278.0,273656.0,33.9038793229456,reliable,Black or African American,"Black, any ethnicity (Hispanic origin not separated)",False,39,CDC WONDER Natality 2016-2024 Expanded (age 15-19),2017-2021
Ohio,Two or more races,2163.0,81169.0,26.64810457194249,reliable,More than one race,"Two or more races, any ethnicity (Hispanic origin not separated)",False,39,CDC WONDER Natality 2016-2024 Expanded (age 15-19),2017-2021
Ohio,Pacific Islander,,,,suppressed_or_incomplete_5yr_window,Native Hawaiian or Other Pacific Islander,"NHOPI, any ethnicity (Hispanic origin not separated)",False,39,CDC WONDER Natality 2016-2024 Expanded (age 15-19),2017-2021
Ohio,White,22173.0,1442240.0,15.37400155313956,reliable,White,"White, any ethnicity (Hispanic origin not separated)",False,39,CDC WONDER Natality 2016-2024 Expanded (age 15-19),2017-2021
Oklahoma,American Indian/Alaska Native,2339.0,77520.0,30.172858617131062,reliable,American Indian or Alaska Native,"AI/AN, any ethnicity (Hispanic origin not separated)",False,40,CDC WONDER Natality 2016-2024 Expanded (age 15-19),2017-2021
Oklahoma,Asian,78.0,15340.0,5.084745762711864,reliable,Asian,"Asian, any ethnicity (Hispanic origin not separated)",False,40,CDC WONDER Natality 2016-2024 Expanded (age 15-19),2017-2021
Oklahoma,Black,1806.0,57600.0,31.354166666666668,reliable,Black or African American,"Black, any ethnicity (Hispanic origin not separated)",False,40,CDC WONDER Natality 2016-2024 Expanded (age 15-19),2017-2021
Oklahoma,Two or more races,2074.0,61628.0,33.65353410787304,reliable,More than one race,"Two or more races, any ethnicity (Hispanic origin not separated)",False,40,CDC WONDER Natality 2016-2024 Expanded (age 15-19),2017-2021
Oklahoma,Pacific Islander,,,,suppressed_or_incomplete_5yr_window,Native Hawaiian or Other Pacific Islander,"NHOPI, any ethnicity (Hispanic origin not separated)",False,40,CDC WONDER Natality 2016-2024 Expanded (age 15-19),2017-2021
Oklahoma,White,10809.0,431846.0,25.029755977825427,reliable,White,"White, any ethnicity (Hispanic origin not separated)",False,40,CDC WONDER Natality 2016-2024 Expanded (age 15-19),2017-2021
Oregon,American Indian/Alaska Native,227.0,13750.0,16.50909090909091,reliable,American Indian or Alaska Native,"AI/AN, any ethnicity (Hispanic origin not separated)",False,41,CDC WONDER Natality 2016-2024 Expanded (age 15-19),2017-2021
Oregon,Asian,,,,suppressed_or_incomplete_5yr_window,Asian,"Asian, any ethnicity (Hispanic origin not separated)",False,41,CDC WONDER Natality 2016-2024 Expanded (age 15-19),2017-2021
Oregon,Black,250.0,15644.0,15.98056762976221,reliable,Black or African American,"Black, any ethnicity (Hispanic origin not separated)",False,41,CDC WONDER Natality 2016-2024 Expanded (age 15-19),2017-2021
Oregon,Two or more races,514.0,40765.0,12.608855635962222,reliable,More than one race,"Two or more races, any ethnicity (Hispanic origin not separated)",False,41,CDC WONDER Natality 2016-2024 Expanded (age 15-19),2017-2021
Oregon,Pacific Islander,94.0,3597.0,26.13288851820962,reliable,Native Hawaiian or Other Pacific Islander,"NHOPI, any ethnicity (Hispanic origin not separated)",False,41,CDC WONDER Natality 2016-2024 Expanded (age 15-19),2017-2021
Oregon,White,6080.0,497779.0,12.214255723925678,reliable,White,"White, any ethnicity (Hispanic origin not separated)",False,41,CDC WONDER Natality 2016-2024 Expanded (age 15-19),2017-2021
Pennsylvania,American Indian/Alaska Native,124.0,9343.0,13.27196831852724,reliable,American Indian or Alaska Native,"AI/AN, any ethnicity (Hispanic origin not separated)",False,42,CDC WONDER Natality 2016-2024 Expanded (age 15-19),2017-2021
Pennsylvania,Asian,290.0,86260.0,3.3619290517041502,reliable,Asian,"Asian, any ethnicity (Hispanic origin not separated)",False,42,CDC WONDER Natality 2016-2024 Expanded (age 15-19),2017-2021
Pennsylvania,Black,7870.0,280451.0,28.0619430845317,reliable,Black or African American,"Black, any ethnicity (Hispanic origin not separated)",False,42,CDC WONDER Natality 2016-2024 Expanded (age 15-19),2017-2021
Pennsylvania,Two or more races,1806.0,76151.0,23.716037872122495,reliable,More than one race,"Two or more races, any ethnicity (Hispanic origin not separated)",False,42,CDC WONDER Natality 2016-2024 Expanded (age 15-19),2017-2021
Pennsylvania,Pacific Islander,150.0,1785.0,84.03361344537815,reliable,Native Hawaiian or Other Pacific Islander,"NHOPI, any ethnicity (Hispanic origin not separated)",False,42,CDC WONDER Natality 2016-2024 Expanded (age 15-19),2017-2021
Pennsylvania,White,16060.0,1529297.0,10.501557251469139,reliable,White,"White, any ethnicity (Hispanic origin not separated)",False,42,CDC WONDER Natality 2016-2024 Expanded (age 15-19),2017-2021
Rhode Island,American Indian/Alaska Native,,,,suppressed_or_incomplete_5yr_window,American Indian or Alaska Native,"AI/AN, any ethnicity (Hispanic origin not separated)",False,44,CDC WONDER Natality 2016-2024 Expanded (age 15-19),2017-2021
Rhode Island,Asian,,,,suppressed_or_incomplete_5yr_window,Asian,"Asian, any ethnicity (Hispanic origin not separated)",False,44,CDC WONDER Natality 2016-2024 Expanded (age 15-19),2017-2021
Rhode Island,Black,341.0,18580.0,18.353067814854683,reliable,Black or African American,"Black, any ethnicity (Hispanic origin not separated)",False,44,CDC WONDER Natality 2016-2024 Expanded (age 15-19),2017-2021
Rhode Island,Two or more races,124.0,8877.0,13.968683113664527,reliable,More than one race,"Two or more races, any ethnicity (Hispanic origin not separated)",False,44,CDC WONDER Natality 2016-2024 Expanded (age 15-19),2017-2021
Rhode Island,Pacific Islander,,,,suppressed_or_incomplete_5yr_window,Native Hawaiian or Other Pacific Islander,"NHOPI, any ethnicity (Hispanic origin not separated)",False,44,CDC WONDER Natality 2016-2024 Expanded (age 15-19),2017-2021
Rhode Island,White,1240.0,141267.0,8.777704630239192,reliable,White,"White, any ethnicity (Hispanic origin not separated)",False,44,CDC WONDER Natality 2016-2024 Expanded (age 15-19),2017-2021
South Carolina,American Indian/Alaska Native,103.0,4589.0,22.444977119198082,reliable,American Indian or Alaska Native,"AI/AN, any ethnicity (Hispanic origin not separated)",False,45,CDC WONDER Natality 2016-2024 Expanded (age 15-19),2017-2021
South Carolina,Asian,58.0,15112.0,3.838009528851244,reliable,Asian,"Asian, any ethnicity (Hispanic origin not separated)",False,45,CDC WONDER Natality 2016-2024 Expanded (age 15-19),2017-2021
South Carolina,Black,6776.0,245073.0,27.648904612095173,reliable,Black or African American,"Black, any ethnicity (Hispanic origin not separated)",False,45,CDC WONDER Natality 2016-2024 Expanded (age 15-19),2017-2021
South Carolina,Two or more races,912.0,27609.0,33.03270672606759,reliable,More than one race,"Two or more races, any ethnicity (Hispanic origin not separated)",False,45,CDC WONDER Natality 2016-2024 Expanded (age 15-19),2017-2021
South Carolina,Pacific Islander,,,,suppressed_or_incomplete_5yr_window,Native Hawaiian or Other Pacific Islander,"NHOPI, any ethnicity (Hispanic origin not separated)",False,45,CDC WONDER Natality 2016-2024 Expanded (age 15-19),2017-2021
South Carolina,White,8453.0,502082.0,16.835895331838227,reliable,White,"White, any ethnicity (Hispanic origin not separated)",False,45,CDC WONDER Natality 2016-2024 Expanded (age 15-19),2017-2021
South Dakota,American Indian/Alaska Native,1155.0,18489.0,62.46957650494889,reliable,American Indian or Alaska Native,"AI/AN, any ethnicity (Hispanic origin not separated)",False,46,CDC WONDER Natality 2016-2024 Expanded (age 15-19),2017-2021
South Dakota,Asian,,,,suppressed_or_incomplete_5yr_window,Asian,"Asian, any ethnicity (Hispanic origin not separated)",False,46,CDC WONDER Natality 2016-2024 Expanded (age 15-19),2017-2021
South Dakota,Black,81.0,3215.0,25.194401244167963,reliable,Black or African American,"Black, any ethnicity (Hispanic origin not separated)",False,46,CDC WONDER Natality 2016-2024 Expanded (age 15-19),2017-2021
South Dakota,Two or more races,210.0,5886.0,35.67787971457696,reliable,More than one race,"Two or more races, any ethnicity (Hispanic origin not separated)",False,46,CDC WONDER Natality 2016-2024 Expanded (age 15-19),2017-2021
South Dakota,Pacific Islander,,,,suppressed_or_incomplete_5yr_window,Native Hawaiian or Other Pacific Islander,"NHOPI, any ethnicity (Hispanic origin not separated)",False,46,CDC WONDER Natality 2016-2024 Expanded (age 15-19),2017-2021
South Dakota,White,1258.0,110513.0,11.383276175653544,reliable,White,"White, any ethnicity (Hispanic origin not separated)",False,46,CDC WONDER Natality 2016-2024 Expanded (age 15-19),2017-2021
Tennessee,American Indian/Alaska Native,101.0,5267.0,19.17600151889121,reliable,American Indian or Alaska Native,"AI/AN, any ethnicity (Hispanic origin not separated)",False,47,CDC WONDER Natality 2016-2024 Expanded (age 15-19),2017-2021
Tennessee,Asian,149.0,22646.0,6.5795283935352815,reliable,Asian,"Asian, any ethnicity (Hispanic origin not separated)",False,47,CDC WONDER Natality 2016-2024 Expanded (age 15-19),2017-2021
Tennessee,Black,7135.0,208724.0,34.18389835380694,reliable,Black or African American,"Black, any ethnicity (Hispanic origin not separated)",False,47,CDC WONDER Natality 2016-2024 Expanded (age 15-19),2017-2021
Tennessee,Two or more races,904.0,35761.0,25.27893515282011,reliable,More than one race,"Two or more races, any ethnicity (Hispanic origin not separated)",False,47,CDC WONDER Natality 2016-2024 Expanded (age 15-19),2017-2021
Tennessee,Pacific Islander,,,,suppressed_or_incomplete_5yr_window,Native Hawaiian or Other Pacific Islander,"NHOPI, any ethnicity (Hispanic origin not separated)",False,47,CDC WONDER Natality 2016-2024 Expanded (age 15-19),2017-2021
Tennessee,White,16780.0,770958.0,21.765128580285825,reliable,White,"White, any ethnicity (Hispanic origin not separated)",False,47,CDC WONDER Natality 2016-2024 Expanded (age 15-19),2017-2021
Texas,American Indian/Alaska Native,380.0,59321.0,6.405825930109067,reliable,American Indian or Alaska Native,"AI/AN, any ethnicity (Hispanic origin not separated)",False,48,CDC WONDER Natality 2016-2024 Expanded (age 15-19),2017-2021
Texas,Asian,762.0,225796.0,3.374727630250314,reliable,Asian,"Asian, any ethnicity (Hispanic origin not separated)",False,48,CDC WONDER Natality 2016-2024 Expanded (age 15-19),2017-2021
Texas,Black,17572.0,676328.0,25.9814764433825,reliable,Black or African American,"Black, any ethnicity (Hispanic origin not separated)",False,48,CDC WONDER Natality 2016-2024 Expanded (age 15-19),2017-2021
Texas,Two or more races,2061.0,145907.0,14.125436065438944,reliable,More than one race,"Two or more races, any ethnicity (Hispanic origin not separated)",False,48,CDC WONDER Natality 2016-2024 Expanded (age 15-19),2017-2021
Texas,Pacific Islander,228.0,8055.0,28.30540037243948,reliable,Native Hawaiian or Other Pacific Islander,"NHOPI, any ethnicity (Hispanic origin not separated)",False,48,CDC WONDER Natality 2016-2024 Expanded (age 15-19),2017-2021
Texas,White,98848.0,3908170.0,25.29265615364736,reliable,White,"White, any ethnicity (Hispanic origin not separated)",False,48,CDC WONDER Natality 2016-2024 Expanded (age 15-19),2017-2021
Utah,American Indian/Alaska Native,215.0,10026.0,21.44424496309595,reliable,American Indian or Alaska Native,"AI/AN, any ethnicity (Hispanic origin not separated)",False,49,CDC WONDER Natality 2016-2024 Expanded (age 15-19),2017-2021
Utah,Asian,,,,suppressed_or_incomplete_5yr_window,Asian,"Asian, any ethnicity (Hispanic origin not separated)",False,49,CDC WONDER Natality 2016-2024 Expanded (age 15-19),2017-2021
Utah,Black,162.0,9670.0,16.752843846949325,reliable,Black or African American,"Black, any ethnicity (Hispanic origin not separated)",False,49,CDC WONDER Natality 2016-2024 Expanded (age 15-19),2017-2021
Utah,Two or more races,352.0,24009.0,14.66116872839352,reliable,More than one race,"Two or more races, any ethnicity (Hispanic origin not separated)",False,49,CDC WONDER Natality 2016-2024 Expanded (age 15-19),2017-2021
Utah,Pacific Islander,114.0,7542.0,15.11535401750199,reliable,Native Hawaiian or Other Pacific Islander,"NHOPI, any ethnicity (Hispanic origin not separated)",False,49,CDC WONDER Natality 2016-2024 Expanded (age 15-19),2017-2021
Utah,White,6628.0,559362.0,11.84921392586554,reliable,White,"White, any ethnicity (Hispanic origin not separated)",False,49,CDC WONDER Natality 2016-2024 Expanded (age 15-19),2017-2021
Vermont,American Indian/Alaska Native,,,,suppressed_or_incomplete_5yr_window,American Indian or Alaska Native,"AI/AN, any ethnicity (Hispanic origin not separated)",False,50,CDC WONDER Natality 2016-2024 Expanded (age 15-19),2017-2021
Vermont,Asian,,,,suppressed_or_incomplete_5yr_window,Asian,"Asian, any ethnicity (Hispanic origin not separated)",False,50,CDC WONDER Natality 2016-2024 Expanded (age 15-19),2017-2021
Vermont,Black,,,,suppressed_or_incomplete_5yr_window,Black or African American,"Black, any ethnicity (Hispanic origin not separated)",False,50,CDC WONDER Natality 2016-2024 Expanded (age 15-19),2017-2021
Vermont,Two or more races,,,,suppressed_or_incomplete_5yr_window,More than one race,"Two or more races, any ethnicity (Hispanic origin not separated)",False,50,CDC WONDER Natality 2016-2024 Expanded (age 15-19),2017-2021
Vermont,Pacific Islander,,,,suppressed_or_incomplete_5yr_window,Native Hawaiian or Other Pacific Islander,"NHOPI, any ethnicity (Hispanic origin not separated)",False,50,CDC WONDER Natality 2016-2024 Expanded (age 15-19),2017-2021
Vermont,White,765.0,92151.0,8.301591952339095,reliable,White,"White, any ethnicity (Hispanic origin not separated)",False,50,CDC WONDER Natality 2016-2024 Expanded (age 15-19),2017-2021
Virginia,American Indian/Alaska Native,,,,suppressed_or_incomplete_5yr_window,American Indian or Alaska Native,"AI/AN, any ethnicity (Hispanic origin not separated)",False,51,CDC WONDER Natality 2016-2024 Expanded (age 15-19),2017-2021
Virginia,Asian,309.0,91500.0,3.377049180327869,reliable,Asian,"Asian, any ethnicity (Hispanic origin not separated)",False,51,CDC WONDER Natality 2016-2024 Expanded (age 15-19),2017-2021
Virginia,Black,6083.0,292809.0,20.774634659453774,reliable,Black or African American,"Black, any ethnicity (Hispanic origin not separated)",False,51,CDC WONDER Natality 2016-2024 Expanded (age 15-19),2017-2021
Virginia,Two or more races,572.0,73416.0,7.791217173368203,reliable,More than one race,"Two or more races, any ethnicity (Hispanic origin not separated)",False,51,CDC WONDER Natality 2016-2024 Expanded (age 15-19),2017-2021
Virginia,Pacific Islander,88.0,1649.0,53.36567616737416,reliable,Native Hawaiian or Other Pacific Islander,"NHOPI, any ethnicity (Hispanic origin not separated)",False,51,CDC WONDER Natality 2016-2024 Expanded (age 15-19),2017-2021
Virginia,White,10993.0,871711.0,12.610830883171142,reliable,White,"White, any ethnicity (Hispanic origin not separated)",False,51,CDC WONDER Natality 2016-2024 Expanded (age 15-19),2017-2021
Washington,American Indian/Alaska Native,696.0,25866.0,26.907909997680353,reliable,American Indian or Alaska Native,"AI/AN, any ethnicity (Hispanic origin not separated)",False,53,CDC WONDER Natality 2016-2024 Expanded (age 15-19),2017-2021
Washington,Asian,317.0,98904.0,3.205128205128205,reliable,Asian,"Asian, any ethnicity (Hispanic origin not separated)",False,53,CDC WONDER Natality 2016-2024 Expanded (age 15-19),2017-2021
Washington,Black,866.0,52408.0,16.52419477942299,reliable,Black or African American,"Black, any ethnicity (Hispanic origin not separated)",False,53,CDC WONDER Natality 2016-2024 Expanded (age 15-19),2017-2021
Washington,Two or more races,1143.0,93543.0,12.218979506750907,reliable,More than one race,"Two or more races, any ethnicity (Hispanic origin not separated)",False,53,CDC WONDER Natality 2016-2024 Expanded (age 15-19),2017-2021
Washington,Pacific Islander,377.0,11897.0,31.688661006976552,reliable,Native Hawaiian or Other Pacific Islander,"NHOPI, any ethnicity (Hispanic origin not separated)",False,53,CDC WONDER Natality 2016-2024 Expanded (age 15-19),2017-2021
Washington,White,10096.0,814889.0,12.389417454401766,reliable,White,"White, any ethnicity (Hispanic origin not separated)",False,53,CDC WONDER Natality 2016-2024 Expanded (age 15-19),2017-2021
West Virginia,American Indian/Alaska Native,,,,suppressed_or_incomplete_5yr_window,American Indian or Alaska Native,"AI/AN, any ethnicity (Hispanic origin not separated)",False,54,CDC WONDER Natality 2016-2024 Expanded (age 15-19),2017-2021
West Virginia,Asian,,,,suppressed_or_incomplete_5yr_window,Asian,"Asian, any ethnicity (Hispanic origin not separated)",False,54,CDC WONDER Natality 2016-2024 Expanded (age 15-19),2017-2021
West Virginia,Black,221.0,11009.0,20.07448451267145,reliable,Black or African American,"Black, any ethnicity (Hispanic origin not separated)",False,54,CDC WONDER Natality 2016-2024 Expanded (age 15-19),2017-2021
West Virginia,Two or more races,246.0,9045.0,27.197346600331674,reliable,More than one race,"Two or more races, any ethnicity (Hispanic origin not separated)",False,54,CDC WONDER Natality 2016-2024 Expanded (age 15-19),2017-2021
West Virginia,Pacific Islander,,,,suppressed_or_incomplete_5yr_window,Native Hawaiian or Other Pacific Islander,"NHOPI, any ethnicity (Hispanic origin not separated)",False,54,CDC WONDER Natality 2016-2024 Expanded (age 15-19),2017-2021
West Virginia,White,5761.0,234659.0,24.55051798567283,reliable,White,"White, any ethnicity (Hispanic origin not separated)",False,54,CDC WONDER Natality 2016-2024 Expanded (age 15-19),2017-2021
Wisconsin,American Indian/Alaska Native,294.0,13019.0,22.58237959904755,reliable,American Indian or Alaska Native,"AI/AN, any ethnicity (Hispanic origin not separated)",False,55,CDC WONDER Natality 2016-2024 Expanded (age 15-19),2017-2021
Wisconsin,Asian,308.0,35028.0,8.792965627498,reliable,Asian,"Asian, any ethnicity (Hispanic origin not separated)",False,55,CDC WONDER Natality 2016-2024 Expanded (age 15-19),2017-2021
Wisconsin,Black,3186.0,76063.0,41.88633106766759,reliable,Black or African American,"Black, any ethnicity (Hispanic origin not separated)",False,55,CDC WONDER Natality 2016-2024 Expanded (age 15-19),2017-2021
Wisconsin,Two or more races,693.0,35138.0,19.722238032898858,reliable,More than one race,"Two or more races, any ethnicity (Hispanic origin not separated)",False,55,CDC WONDER Natality 2016-2024 Expanded (age 15-19),2017-2021
Wisconsin,Pacific Islander,,,,suppressed_or_incomplete_5yr_window,Native Hawaiian or Other Pacific Islander,"NHOPI, any ethnicity (Hispanic origin not separated)",False,55,CDC WONDER Natality 2016-2024 Expanded (age 15-19),2017-2021
Wisconsin,White,6823.0,770019.0,8.860820317420739,reliable,White,"White, any ethnicity (Hispanic origin not separated)",False,55,CDC WONDER Natality 2016-2024 Expanded (age 15-19),2017-2021
Wyoming,American Indian/Alaska Native,143.0,3189.0,44.841643148322355,reliable,American Indian or Alaska Native,"AI/AN, any ethnicity (Hispanic origin not separated)",False,56,CDC WONDER Natality 2016-2024 Expanded (age 15-19),2017-2021
Wyoming,Asian,,,,suppressed_or_incomplete_5yr_window,Asian,"Asian, any ethnicity (Hispanic origin not separated)",False,56,CDC WONDER Natality 2016-2024 Expanded (age 15-19),2017-2021
Wyoming,Black,,,,suppressed_or_incomplete_5yr_window,Black or African American,"Black, any ethnicity (Hispanic origin not separated)",False,56,CDC WONDER Natality 2016-2024 Expanded (age 15-19),2017-2021
Wyoming,Two or more races,,,,suppressed_or_incomplete_5yr_window,More than one race,"Two or more races, any ethnicity (Hispanic origin not separated)",False,56,CDC WONDER Natality 2016-2024 Expanded (age 15-19),2017-2021
Wyoming,Pacific Islander,,,,suppressed_or_incomplete_5yr_window,Native Hawaiian or Other Pacific Islander,"NHOPI, any ethnicity (Hispanic origin not separated)",False,56,CDC WONDER Natality 2016-2024 Expanded (age 15-19),2017-2021
Wyoming,White,1494.0,79976.0,18.680604181254377,reliable,White,"White, any ethnicity (Hispanic origin not separated)",False,56,CDC WONDER Natality 2016-2024 Expanded (age 15-19),2017-2021
