state,comparison,dropout_rate_gap_pp,dropout_rate_ratio
Alabama,Black vs White,0.6258940350640056,1.115076395190533
Alaska,Black vs White,,
Arizona,Black vs White,1.4654562909950286,1.287593843440252
Arkansas,Black vs White,-0.188249363708624,0.962986472253205
California,Black vs White,3.295031788812739,2.3874776413662637
Colorado,Black vs White,2.453380096663599,1.6713517943695133
Connecticut,Black vs White,2.146592290973599,1.9961961889271866
Delaware,Black vs White,-0.5590381630692667,0.8869878211283104
District of Columbia,Black vs White,6.333241367586382,10.409432187076225
Florida,Black vs White,1.8146466717482133,1.3575856630544687
Georgia,Black vs White,0.23526198445937485,1.0416063834981424
Hawaii,Black vs White,,
Idaho,Black vs White,,
Illinois,Black vs White,3.583711704883725,1.966008775502118
Indiana,Black vs White,1.2648276505842597,1.1904390951046073
Iowa,Black vs White,2.749267079874643,1.7672628179758836
Kansas,Black vs White,2.1975890578098265,1.556450153872487
Kentucky,Black vs White,0.3606780604904065,1.0675190545258473
Louisiana,Black vs White,2.519682486104438,1.408995772982245
Maine,Black vs White,7.770786351909966,2.8113130092790364
Maryland,Black vs White,1.9204967606087204,1.7471471980958644
Massachusetts,Black vs White,2.116167416200474,1.8970713929978837
Michigan,Black vs White,3.084544296481682,1.6466689736859361
Minnesota,Black vs White,3.546594425261601,2.224346420649419
Mississippi,Black vs White,2.147521974101097,1.3823463792283381
Missouri,Black vs White,0.1759145387025267,1.0329758933113637
Montana,Black vs White,,
Nebraska,Black vs White,3.8139793117719587,2.106393523794738
Nevada,Black vs White,5.362587905515865,1.9687222288578827
New Hampshire,Black vs White,,
New Jersey,Black vs White,2.1696274593886327,2.15629102963441
New Mexico,Black vs White,,
New York,Black vs White,2.557449096907996,1.726169113435585
North Carolina,Black vs White,1.1988360515050482,1.2843113299503544
North Dakota,Black vs White,,
Ohio,Black vs White,2.2376452180662003,1.4499700133677602
Oklahoma,Black vs White,4.837772928492284,1.9047581970564273
Oregon,Black vs White,0.45111568242165667,1.072261206389254
Pennsylvania,Black vs White,0.02294932729488508,1.0046048641860081
Rhode Island,Black vs White,2.525958947212976,1.8303500522778189
South Carolina,Black vs White,1.5112139524984798,1.2949626372281238
South Dakota,Black vs White,2.2425279282837742,1.5350184980689046
Tennessee,Black vs White,1.2457944668877499,1.2999570092223545
Texas,Black vs White,1.6797909080643523,1.4283488215083076
Utah,Black vs White,4.746745296676059,2.3719310615088625
Vermont,Black vs White,,
Virginia,Black vs White,1.7558231313510344,1.6739198272457951
Washington,Black vs White,0.31881326595274206,1.0647884072232239
West Virginia,Black vs White,0.4682769601827923,1.0955101596210102
Wisconsin,Black vs White,7.40246090748483,3.1921480049044177
Wyoming,Black vs White,,
Alabama,Hispanic vs White,8.673861912391288,2.594769570149966
Alaska,Hispanic vs White,0.8857580365600057,1.2142292822971426
Arizona,Hispanic vs White,4.745212795488714,1.9312416850521346
Arkansas,Hispanic vs White,4.040329568690335,1.7944082659869576
California,Hispanic vs White,3.5193097554479684,2.4819169925172866
Colorado,Hispanic vs White,4.992931970111429,2.3662839450999416
Connecticut,Hispanic vs White,6.18102094321073,3.8685044352380866
Delaware,Hispanic vs White,2.5527477446857967,1.5160498938978313
District of Columbia,Hispanic vs White,4.764779404099814,8.079134693762825
Florida,Hispanic vs White,2.4805851517104944,1.4888123401912277
Georgia,Hispanic vs White,5.870606116823324,2.038224216395953
Hawaii,Hispanic vs White,2.883975152525977,3.0877410225439283
Idaho,Hispanic vs White,4.290855162204822,1.7444850646947136
Illinois,Hispanic vs White,2.6788641207121264,1.7221022398255783
Indiana,Hispanic vs White,-0.16037803545959672,0.9758526405289512
Iowa,Hispanic vs White,5.697137416336965,2.5899516421859805
Kansas,Hispanic vs White,6.672203102548194,2.689464383655809
Kentucky,Hispanic vs White,3.7473402770708573,1.7015033632775707
Louisiana,Hispanic vs White,4.066976451285603,1.660153089354449
Maine,Hispanic vs White,4.125815752799251,1.9616972348103296
Maryland,Hispanic vs White,7.259375314495397,3.82417655546182
Massachusetts,Hispanic vs White,6.382804035395732,3.705755160688349
Michigan,Hispanic vs White,3.81012064649516,1.7987847057015842
Minnesota,Hispanic vs White,6.213315167645478,3.144945058191244
Mississippi,Hispanic vs White,9.787228178605984,2.7425252462610645
Missouri,Hispanic vs White,1.4956813089163923,1.2803715237774118
Montana,Hispanic vs White,1.002539560392961,1.1878910956788689
Nebraska,Hispanic vs White,5.550055877527566,2.6100102747391536
Nevada,Hispanic vs White,3.5619376191859002,1.6434445850223456
New Hampshire,Hispanic vs White,4.183790566903813,2.1701896109801004
New Jersey,Hispanic vs White,4.293410552561294,3.2881495562667893
New Mexico,Hispanic vs White,3.4154697470342708,1.5695816318997127
New York,Hispanic vs White,4.254295145551231,2.2079762361148525
North Carolina,Hispanic vs White,6.076664967339291,2.4411184051046915
North Dakota,Hispanic vs White,4.013920106249483,2.376151026181336
Ohio,Hispanic vs White,3.2927297804079902,1.6621378810833325
Oklahoma,Hispanic vs White,3.6667206594168738,1.6857485090680928
Oregon,Hispanic vs White,2.717401235819266,1.4352823437435063
Pennsylvania,Hispanic vs White,4.821585836842247,1.9674683555882384
Rhode Island,Hispanic vs White,2.321420148824467,1.7631126958979249
South Carolina,Hispanic vs White,4.790514902660329,1.9350250552102022
South Dakota,Hispanic vs White,4.167486603458546,1.9942718639901473
Tennessee,Hispanic vs White,6.595969547751984,2.588149049504232
Texas,Hispanic vs White,4.208527544510001,2.073179885259296
Utah,Hispanic vs White,4.15151063952441,2.199892988262175
Vermont,Hispanic vs White,2.166554577821774,1.4734738392095341
Virginia,Hispanic vs White,5.314788139961096,3.0399213572124313
Washington,Hispanic vs White,4.877133431959137,1.9911184402176239
West Virginia,Hispanic vs White,2.0070645751978953,1.4093625658456432
Wisconsin,Hispanic vs White,4.521799046452813,2.3390753267251276
Wyoming,Hispanic vs White,-0.23654873561273604,0.9379959937876197
